student_id,first_name,last_name,password_hash,created_at
S0001,Alice,Rodriguez,hashed_password_1,4/23/2025 0:00
S0002,Frank,Smith,hashed_password_2,4/9/2025 0:00
S0003,Ivan,Brown,hashed_password_3,4/24/2025 0:00
S0004,John,Martinez,hashed_password_4,5/10/2025 0:00
S0005,Jane,Brown,hashed_password_5,2/17/2025 0:00
S0006,Alice,Williams,hashed_password_6,2/15/2025 0:00
S0007,Bob,Williams,hashed_password_7,1/2/2025 0:00
S0008,Bob,Johnson,hashed_password_8,5/29/2025 0:00
S0009,David,Miller,hashed_password_9,2/28/2025 0:00
S0010,Frank,Rodriguez,hashed_password_10,5/5/2025 0:00
S0011,Bob,Smith,hashed_password_11,5/12/2025 0:00
S0012,Ivan,Rodriguez,hashed_password_12,3/29/2025 0:00
S0013,Alice,Jones,hashed_password_13,1/31/2025 0:00
S0014,Grace,Jones,hashed_password_14,6/6/2025 0:00
S0015,Helen,Martinez,hashed_password_15,6/19/2025 0:00
S0016,Grace,Davis,hashed_password_16,2/24/2025 0:00
S0017,Eve,Martinez,hashed_password_17,2/10/2025 0:00
S0018,Ivan,Miller,hashed_password_18,4/27/2025 0:00
S0019,David,Johnson,hashed_password_19,5/31/2025 0:00
S0020,Alice,Johnson,hashed_password_20,1/13/2025 0:00
S0021,Alice,Smith,hashed_password_21,6/30/2025 0:00
S0022,John,Davis,hashed_password_22,3/17/2025 0:00
S0023,Frank,Smith,hashed_password_23,2/11/2025 0:00
S0024,Jane,Johnson,hashed_password_24,2/15/2025 0:00
S0025,Jane,Brown,hashed_password_25,3/7/2025 0:00
S0026,Frank,Martinez,hashed_password_26,5/26/2025 0:00
S0027,Bob,Rodriguez,hashed_password_27,6/17/2025 0:00
S0028,Eve,Martinez,hashed_password_28,4/30/2025 0:00
S0029,Frank,Miller,hashed_password_29,3/27/2025 0:00
S0030,Alice,Rodriguez,hashed_password_30,1/30/2025 0:00
S0031,Frank,Jones,hashed_password_31,1/20/2025 0:00
S0032,Bob,Martinez,hashed_password_32,1/6/2025 0:00
S0033,Frank,Williams,hashed_password_33,4/23/2025 0:00
S0034,Jane,Davis,hashed_password_34,2/27/2025 0:00
S0035,John,Brown,hashed_password_35,1/24/2025 0:00
S0036,Jane,Miller,hashed_password_36,3/19/2025 0:00
S0037,Frank,Jones,hashed_password_37,6/6/2025 0:00
S0038,John,Smith,hashed_password_38,4/26/2025 0:00
S0039,Jane,Davis,hashed_password_39,3/1/2025 0:00
S0040,Grace,Johnson,hashed_password_40,3/1/2025 0:00
S0041,David,Johnson,hashed_password_41,6/26/2025 0:00
S0042,Jane,Miller,hashed_password_42,4/26/2025 0:00
S0043,Bob,Jones,hashed_password_43,5/29/2025 0:00
S0044,David,Jones,hashed_password_44,3/30/2025 0:00
S0045,Ivan,Davis,hashed_password_45,4/4/2025 0:00
S0046,Helen,Brown,hashed_password_46,3/5/2025 0:00
S0047,David,Miller,hashed_password_47,3/22/2025 0:00
S0048,Ivan,Brown,hashed_password_48,6/27/2025 0:00
S0049,Alice,Brown,hashed_password_49,3/19/2025 0:00
S0050,Eve,Miller,hashed_password_50,4/14/2025 0:00
S0051,Alice,Rodriguez,hashed_password_51,6/5/2025 0:00
S0052,Jane,Smith,hashed_password_52,1/1/2025 0:00
S0053,Jane,Johnson,hashed_password_53,5/24/2025 0:00
S0054,Ivan,Smith,hashed_password_54,4/23/2025 0:00
S0055,John,Williams,hashed_password_55,1/30/2025 0:00
S0056,Jane,Martinez,hashed_password_56,5/4/2025 0:00
S0057,Bob,Davis,hashed_password_57,6/16/2025 0:00
S0058,John,Rodriguez,hashed_password_58,4/30/2025 0:00
S0059,Bob,Davis,hashed_password_59,5/3/2025 0:00
S0060,Bob,Brown,hashed_password_60,5/28/2025 0:00
S0061,David,Garcia,hashed_password_61,1/19/2025 0:00
S0062,Frank,Rodriguez,hashed_password_62,4/4/2025 0:00
S0063,David,Rodriguez,hashed_password_63,1/17/2025 0:00
S0064,Jane,Rodriguez,hashed_password_64,6/23/2025 0:00
S0065,Grace,Smith,hashed_password_65,4/13/2025 0:00
S0066,Bob,Davis,hashed_password_66,6/6/2025 0:00
S0067,Grace,Jones,hashed_password_67,4/16/2025 0:00
S0068,Eve,Brown,hashed_password_68,1/23/2025 0:00
S0069,Grace,Johnson,hashed_password_69,5/25/2025 0:00
S0070,Eve,Smith,hashed_password_70,4/9/2025 0:00
S0071,John,Rodriguez,hashed_password_71,4/8/2025 0:00
S0072,Alice,Jones,hashed_password_72,2/8/2025 0:00
S0073,Ivan,Brown,hashed_password_73,3/19/2025 0:00
S0074,Alice,Garcia,hashed_password_74,4/27/2025 0:00
S0075,Alice,Miller,hashed_password_75,2/21/2025 0:00
S0076,Jane,Davis,hashed_password_76,5/24/2025 0:00
S0077,John,Johnson,hashed_password_77,4/4/2025 0:00
S0078,Helen,Martinez,hashed_password_78,2/23/2025 0:00
S0079,Frank,Miller,hashed_password_79,2/27/2025 0:00
S0080,Eve,Martinez,hashed_password_80,6/18/2025 0:00
S0081,Frank,Miller,hashed_password_81,2/9/2025 0:00
S0082,Frank,Martinez,hashed_password_82,2/4/2025 0:00
S0083,David,Williams,hashed_password_83,4/25/2025 0:00
S0084,Frank,Jones,hashed_password_84,5/12/2025 0:00
S0085,Ivan,Smith,hashed_password_85,3/14/2025 0:00
S0086,Frank,Jones,hashed_password_86,1/23/2025 0:00
S0087,Frank,Garcia,hashed_password_87,5/11/2025 0:00
S0088,Grace,Rodriguez,hashed_password_88,6/7/2025 0:00
S0089,Helen,Davis,hashed_password_89,4/10/2025 0:00
S0090,Bob,Davis,hashed_password_90,3/4/2025 0:00
S0091,Jane,Brown,hashed_password_91,6/14/2025 0:00
S0092,Ivan,Martinez,hashed_password_92,5/9/2025 0:00
S0093,Eve,Jones,hashed_password_93,1/30/2025 0:00
S0094,John,Martinez,hashed_password_94,5/18/2025 0:00
S0095,Grace,Smith,hashed_password_95,1/10/2025 0:00
S0096,Frank,Davis,hashed_password_96,4/25/2025 0:00
S0097,David,Rodriguez,hashed_password_97,1/30/2025 0:00
S0098,Helen,Brown,hashed_password_98,1/31/2025 0:00
S0099,Ivan,Martinez,hashed_password_99,1/5/2025 0:00
S0100,Grace,Williams,hashed_password_100,5/21/2025 0:00
